"","AAL","AB","AGL","AL","ALD","ANL","ANT","APS","AZ","BEH","BEO","BLU","BP","BPW","BRB","BRD","BRM","CAL","CDU","CITROPSIS","CLS","CMC","CMG","CMI","CMU","CNS","COG","COM","COS","CP","CPR","CSY","CWI","CYA","CZE","DD","DIA","DPS","DS","DSP","DU","EA","EC","EE","ENA","ENC","ENU","ES","FAA","FAN","FE","FL","FLE","FN","FO","FOV","FSS","FSU","FUA","FUE","FVR","GC","GS","HG","IG","KA","KLG","LM","LMM","LOVOA","LPD","LPM","LT","LYC","MA","MBG","MD","MDI","ME","MEL","MEX","MIE","MIL","ML","MM","MO","MOA","MOL","MP","MRB","MS","MST","MYH","NUETONIA","OB","OUH","PSM","R","R1","RD","RH","RI","SA","SC","SPI","SS","TAF","TD","TH","TN","TO","TRP","TRR","TT","UC","UNK","UNK2","UNKI"
"Unlogged_1_10",0,0,0,0,0,2,0,0,0,1,0,0,2,0,0,0,0,0,0,0,0,0,1,8,0,0,1,0,0,0,1,0,3,6,1,0,0,0,0,0,0,0,1,0,2,0,0,0,0,1,0,0,0,0,0,0,0,0,0,4,0,5,1,0,0,0,1,30,0,0,0,0,0,0,0,0,0,1,0,0,2,0,0,0,0,0,0,0,0,0,0,0,1,0,0,0,0,0,1,0,0,45,0,0,0,0,7,0,1,0,0,0,5,0,0,0,0,0
"Unlogged_1_100",0,1,0,0,0,0,1,0,0,1,0,0,0,0,0,0,0,0,1,0,2,0,0,21,0,0,0,0,2,1,0,0,0,15,4,0,0,0,0,0,0,0,0,0,0,0,0,0,0,0,0,0,0,0,0,0,0,0,0,5,0,0,2,1,0,0,0,18,0,0,0,0,0,0,0,0,0,1,0,0,0,0,0,0,0,0,0,0,0,0,0,0,0,0,0,0,0,0,0,0,0,78,0,0,0,0,3,0,4,3,0,2,3,0,0,0,0,0
"Unlogged_1_110",0,0,0,0,0,0,0,0,0,0,0,0,0,0,0,0,0,0,0,0,0,0,0,8,0,0,1,0,0,0,1,0,0,57,3,0,0,0,0,0,0,0,0,0,1,0,0,0,0,0,0,0,0,0,0,0,0,0,0,4,0,0,1,0,0,0,0,117,0,0,0,0,0,0,0,0,0,0,0,0,0,0,0,0,0,0,0,1,0,0,0,0,0,0,0,0,0,0,0,0,0,4,0,0,0,0,0,0,0,1,0,1,5,0,0,0,0,0
"Unlogged_1_120",0,0,0,0,0,0,0,0,0,2,0,0,1,0,0,0,0,0,0,0,0,0,0,16,0,0,0,0,2,0,0,0,0,7,3,0,0,0,0,0,3,0,0,0,1,0,0,0,0,0,0,0,0,0,0,0,0,0,0,2,0,0,0,0,0,1,0,26,0,0,0,0,0,0,0,0,0,0,0,0,0,0,0,0,0,0,0,0,0,0,0,0,0,0,0,0,0,0,0,1,0,20,0,0,0,0,1,0,0,0,0,0,4,0,0,0,0,0
"Unlogged_1_130",0,0,0,0,0,0,0,0,0,1,0,0,0,0,2,0,0,0,0,0,0,0,1,8,0,0,0,1,0,0,0,0,1,26,2,0,0,0,0,0,0,0,0,0,0,0,0,0,0,0,0,0,0,0,0,0,0,0,0,5,0,0,1,0,0,0,0,30,0,0,0,1,0,0,0,0,0,0,0,0,1,0,0,0,0,0,0,0,0,0,0,0,0,0,0,0,0,0,0,0,0,27,0,0,0,0,6,0,0,0,3,1,1,2,0,0,0,0
"Unlogged_1_140",0,1,0,0,0,0,0,1,0,1,0,0,2,0,0,0,0,2,0,0,0,0,0,13,0,0,0,0,0,0,1,0,1,18,0,0,0,0,0,0,0,0,0,0,0,0,0,0,0,0,0,0,0,0,0,0,0,0,0,2,0,0,1,0,0,1,0,22,0,0,0,0,0,1,0,0,0,0,0,0,0,0,0,0,0,0,0,0,0,0,0,0,0,0,0,0,0,0,1,0,0,46,0,0,0,0,2,0,1,0,0,3,0,0,0,0,0,0
"Unlogged_1_150",0,3,0,0,0,0,0,0,0,2,0,0,0,0,0,0,0,2,0,0,1,0,0,14,0,0,1,0,0,0,0,0,1,18,2,0,0,0,0,0,0,0,0,0,0,0,0,0,0,0,0,0,0,0,0,0,0,0,0,7,0,1,1,0,0,0,0,25,0,0,0,0,0,0,0,0,0,0,0,0,0,2,0,0,0,0,0,0,0,0,0,0,0,0,0,0,0,0,0,2,0,20,0,0,0,0,5,0,1,1,0,4,10,0,0,0,0,0
"Unlogged_1_160",0,0,0,0,0,0,0,0,0,0,0,0,1,0,0,0,0,3,0,0,0,0,0,16,0,0,1,0,0,0,0,0,0,17,3,0,0,0,0,0,0,0,0,0,0,0,0,0,0,0,0,0,0,0,0,0,0,0,0,3,0,0,1,0,0,0,0,44,0,0,0,0,0,0,0,0,0,0,0,0,0,0,0,0,0,0,0,0,0,0,0,0,0,0,0,0,0,0,0,0,1,37,0,0,0,0,1,0,1,0,0,0,10,0,0,0,0,0
"Unlogged_1_170",0,0,0,1,0,0,0,0,0,0,0,0,0,0,0,0,0,1,0,0,0,0,0,5,0,0,1,0,0,0,0,0,0,1,5,0,0,0,0,0,0,0,0,0,1,0,0,0,0,0,0,0,0,0,0,0,0,0,0,3,0,1,1,0,0,1,0,31,0,0,0,0,0,0,0,0,0,0,0,0,0,0,0,1,0,0,0,0,0,0,0,0,1,0,0,0,0,0,0,1,0,38,0,0,0,0,1,0,1,0,0,2,0,0,0,0,0,0
"Unlogged_1_180",0,0,0,0,0,1,3,0,0,1,0,0,2,0,0,0,0,1,0,0,1,0,0,13,0,1,0,0,2,0,0,0,1,23,1,0,0,0,0,0,1,0,0,0,0,0,0,1,0,1,0,0,0,0,0,0,0,0,0,3,0,0,4,0,0,2,0,109,0,0,0,0,0,4,1,0,0,0,1,1,0,0,0,0,0,0,0,0,0,0,0,0,0,0,0,0,0,0,0,0,0,8,0,0,0,0,4,0,3,1,0,2,0,1,0,0,0,0
"Unlogged_1_190",0,0,0,1,0,1,1,0,0,2,0,0,0,0,0,0,0,2,0,0,0,0,1,14,0,0,0,0,0,0,0,0,1,7,0,3,0,0,0,0,0,0,1,0,0,0,0,0,0,0,0,0,0,0,0,0,0,0,0,1,0,0,2,0,0,1,0,36,0,0,0,0,0,1,1,0,0,0,0,0,0,0,0,0,0,0,0,1,0,0,0,0,2,0,0,0,0,0,0,0,0,10,0,0,0,0,5,0,0,0,0,1,0,0,0,0,0,0
"Unlogged_1_20",0,1,0,0,0,0,3,0,0,0,0,0,0,0,0,0,0,0,0,0,0,0,0,10,0,0,0,0,4,1,0,0,0,8,1,0,0,0,0,0,11,0,0,0,1,0,0,0,0,0,0,0,0,0,0,0,0,0,0,3,0,0,3,0,0,2,0,24,0,0,0,0,0,0,0,0,0,0,0,0,0,0,0,0,0,0,0,0,0,0,0,0,0,0,0,0,0,0,1,1,0,58,0,0,0,0,2,0,1,0,0,0,3,0,0,0,0,0
"Unlogged_1_200",0,6,0,0,0,0,0,0,0,2,0,0,1,0,0,0,0,0,0,0,1,0,0,22,0,0,1,0,1,0,0,0,1,13,0,0,0,0,0,0,0,0,0,0,0,0,0,0,0,0,0,0,0,0,0,0,0,0,0,11,0,1,1,0,0,0,1,52,0,0,0,2,0,0,1,0,0,0,1,0,0,0,0,0,0,0,0,0,0,0,0,0,3,0,0,0,0,0,0,0,0,6,0,0,0,0,2,0,4,3,0,2,0,0,0,1,0,0
"Unlogged_1_30",0,1,0,0,0,1,0,0,0,0,0,0,0,0,0,0,0,0,0,0,0,0,0,15,0,0,0,0,0,0,2,0,3,8,1,0,0,0,0,0,5,0,0,0,0,0,0,0,0,0,0,0,0,0,0,0,0,0,0,3,0,0,2,0,0,1,0,36,0,0,0,2,0,0,3,0,0,0,0,0,0,0,0,0,0,0,0,0,0,0,0,0,2,0,0,0,0,0,0,0,0,1,0,0,0,0,1,0,2,0,0,2,1,0,2,0,0,0
"Unlogged_1_40",0,0,0,0,0,0,0,0,1,0,0,0,1,0,4,1,0,3,0,2,0,0,0,18,0,0,5,0,0,0,0,0,0,11,1,0,0,0,0,0,2,1,0,0,0,0,0,1,0,0,0,0,0,0,0,0,0,0,0,2,0,1,4,0,0,0,0,58,0,0,1,0,0,0,3,0,0,1,0,0,0,0,0,0,0,0,0,0,0,0,0,0,0,0,0,0,0,0,0,0,0,23,0,0,0,0,1,0,4,0,0,3,6,0,0,0,0,0
"Unlogged_1_50",0,1,0,0,0,0,0,0,1,4,0,0,0,0,0,0,0,0,0,0,0,0,0,16,0,0,2,0,0,0,1,0,0,5,1,0,0,0,0,0,1,0,1,0,0,0,0,0,0,0,0,0,0,0,0,0,0,0,0,5,0,1,4,0,0,1,0,46,0,0,0,0,0,4,3,0,0,0,2,0,0,0,0,0,0,0,0,1,0,0,0,0,1,0,0,0,0,0,0,0,0,28,0,0,0,0,0,0,4,0,0,1,5,0,0,0,0,0
"Unlogged_1_60",0,0,0,0,0,1,0,0,1,0,0,0,0,0,0,0,0,3,0,0,0,0,1,2,0,0,0,1,0,0,0,0,0,7,1,0,0,0,1,0,0,0,1,0,1,0,0,0,0,0,0,0,0,0,0,0,0,0,1,2,0,0,1,1,0,2,0,34,0,0,0,0,0,1,4,0,0,0,0,0,0,0,0,0,0,0,0,0,1,0,0,0,2,0,0,0,0,0,0,0,0,14,0,0,0,0,1,0,2,1,0,0,10,0,0,1,0,0
"Unlogged_1_70",0,1,0,0,0,1,1,0,0,1,0,0,0,0,0,0,0,1,0,0,0,0,0,4,0,0,0,0,0,0,2,1,1,8,1,0,0,0,0,0,0,0,0,0,0,0,0,0,0,0,0,0,0,0,0,0,0,1,0,1,0,0,0,0,0,9,0,45,0,0,0,0,0,4,8,0,0,0,1,0,0,0,0,0,0,0,0,0,0,0,0,0,0,0,0,0,0,0,0,2,0,39,0,1,0,0,2,0,1,2,0,2,2,3,0,3,0,0
"Unlogged_1_80",0,0,0,0,0,1,2,0,0,0,0,0,3,0,0,0,0,3,0,1,1,0,0,9,0,0,2,0,1,0,1,0,1,5,0,0,0,0,1,0,5,0,0,0,1,0,0,1,0,0,0,0,0,0,0,0,0,0,0,3,0,1,9,0,0,5,0,49,0,0,0,0,0,0,2,0,1,0,0,0,0,0,0,0,0,0,0,0,0,0,0,0,0,0,0,0,0,0,0,1,0,26,0,0,0,0,3,0,2,0,0,0,2,0,0,0,0,0
"Unlogged_1_90",0,0,0,0,0,1,0,0,0,0,0,0,3,0,0,0,0,0,0,0,0,0,0,12,0,0,1,0,0,0,1,0,1,9,3,0,0,0,0,0,9,0,0,2,0,0,0,0,0,0,0,0,0,0,0,0,0,0,0,1,0,2,1,0,0,0,0,15,0,0,0,2,0,1,0,0,0,0,0,0,0,0,0,0,0,0,0,0,0,0,0,0,0,0,0,0,0,0,0,0,0,42,0,0,0,0,2,0,1,2,0,0,0,0,0,0,0,0
"Unlogged_2_10",0,1,0,0,0,0,0,0,0,1,0,0,1,0,0,0,0,0,0,0,0,0,0,21,0,0,0,0,0,0,0,0,0,7,2,0,0,0,0,0,3,0,1,0,0,0,0,0,0,0,0,0,0,0,0,0,0,0,0,2,0,0,3,0,0,1,0,49,0,0,1,0,0,0,0,0,0,0,0,0,0,0,0,0,0,0,0,0,0,0,0,0,0,0,0,0,0,0,0,0,0,1,0,0,0,0,1,0,3,0,0,0,5,0,0,0,0,0
"Unlogged_2_100",0,0,0,0,0,3,0,0,1,0,0,0,0,0,0,0,0,2,0,0,0,0,0,13,0,0,1,0,0,0,0,0,0,12,0,0,0,0,0,0,0,0,0,0,0,0,0,0,1,0,0,0,0,0,1,0,0,0,0,6,0,0,0,0,0,1,0,90,0,0,0,0,0,0,0,0,0,0,0,0,0,0,0,0,0,0,0,0,0,0,0,0,0,0,0,0,0,0,0,1,0,41,0,0,0,0,0,0,1,0,0,3,4,0,0,0,0,0
"Unlogged_2_110",0,0,0,0,0,0,0,0,0,1,0,0,0,0,0,0,0,1,0,0,0,0,0,13,0,0,1,0,0,0,0,0,0,6,3,0,0,0,0,0,0,0,0,0,1,0,0,0,0,0,0,0,0,0,0,0,0,0,0,0,0,0,2,0,0,0,0,136,0,0,0,0,0,1,0,0,0,0,1,0,0,0,0,0,0,0,0,0,0,0,0,0,0,0,0,0,0,0,0,0,0,2,0,0,0,0,0,0,1,2,0,2,1,0,0,0,0,0
"Unlogged_2_120",0,0,0,0,0,1,0,0,0,0,0,0,1,0,0,0,0,2,0,0,0,0,0,12,0,0,1,0,0,0,1,0,0,17,1,0,0,0,0,0,1,0,0,0,0,0,0,0,0,0,0,0,0,0,0,0,0,0,0,2,0,0,2,1,0,1,1,18,0,0,0,0,0,1,0,0,1,0,0,0,0,0,0,0,0,0,0,0,0,0,0,0,0,0,0,0,0,0,0,2,0,31,0,0,0,0,2,0,1,0,0,0,3,0,0,0,0,0
"Unlogged_2_130",0,0,0,0,0,1,0,0,0,2,0,1,0,0,0,0,0,2,0,0,0,0,0,15,0,0,1,0,0,0,0,0,0,19,2,0,0,0,0,0,6,0,0,0,0,0,0,0,0,0,0,0,0,0,0,0,0,1,0,4,0,0,3,0,0,1,0,79,0,0,0,0,0,0,0,0,0,1,0,0,0,0,0,0,0,0,0,0,0,0,0,0,0,0,0,0,0,0,0,1,0,49,0,0,0,0,0,0,1,0,0,0,0,1,0,0,0,0
"Unlogged_2_140",0,2,0,1,0,0,0,0,0,1,0,0,0,0,1,0,0,7,0,0,0,0,0,16,0,0,0,0,1,0,0,1,0,10,1,0,0,0,0,0,0,0,0,0,0,0,0,0,0,0,0,0,0,0,0,0,0,0,0,3,0,0,0,0,0,0,0,27,0,0,0,0,0,2,0,0,0,0,0,0,0,0,0,0,0,0,0,0,0,0,0,0,0,0,0,0,0,0,0,0,0,54,0,0,0,0,1,0,1,1,1,0,1,0,0,0,0,0
"Unlogged_2_150",0,0,0,2,0,0,1,0,3,0,0,0,1,0,0,0,0,2,0,0,0,0,0,15,0,0,1,0,0,0,0,0,1,8,2,0,0,0,0,0,1,0,0,0,0,0,0,0,0,0,0,0,0,0,0,0,0,0,0,1,0,0,1,0,0,1,0,27,0,0,0,0,0,0,1,0,0,0,1,0,0,0,0,0,0,0,0,0,0,0,0,0,0,0,0,0,0,0,0,0,0,33,0,1,0,0,3,0,2,0,0,0,10,0,0,0,0,0
"Unlogged_2_160",0,2,0,0,0,2,0,0,0,2,0,0,0,0,0,0,0,2,0,0,0,0,0,14,0,0,1,0,1,0,1,0,1,17,1,0,0,0,0,0,0,0,0,0,0,0,0,1,0,0,0,0,0,0,0,0,0,0,0,7,0,0,2,0,0,1,0,80,0,0,0,0,0,0,0,0,0,0,0,0,0,0,0,0,0,0,0,0,0,0,0,0,0,0,0,0,0,0,0,0,0,14,0,0,0,0,0,0,0,0,0,2,2,0,0,0,0,0
"Unlogged_2_170",0,0,0,0,0,0,0,0,0,0,0,0,0,0,0,0,0,2,0,0,0,0,0,7,0,0,0,0,0,0,0,0,0,7,7,0,0,0,0,0,0,0,0,0,0,0,0,0,0,0,0,0,0,0,0,0,0,0,0,1,0,0,0,0,0,2,0,47,0,0,0,0,0,1,0,0,0,0,0,0,0,0,1,0,0,0,0,0,0,0,0,0,0,0,0,0,0,0,0,0,0,19,0,0,0,0,2,0,1,1,1,3,0,1,0,0,0,0
"Unlogged_2_180",0,1,1,0,0,1,1,0,0,2,0,0,0,0,0,0,0,0,0,0,0,0,0,17,0,1,1,0,2,0,0,0,3,15,2,0,0,0,0,0,0,0,0,1,0,0,0,0,0,0,0,0,0,0,0,0,0,0,0,2,1,2,2,0,0,4,0,76,0,0,0,1,0,2,1,0,0,0,0,0,0,0,0,0,0,0,0,0,0,0,0,0,0,0,0,0,0,0,0,0,0,14,0,0,0,0,4,0,0,2,0,1,2,2,0,0,0,0
"Unlogged_2_190",0,0,0,0,0,1,0,0,0,3,5,0,1,0,0,0,0,0,1,0,1,0,0,6,0,0,0,0,1,0,0,0,1,8,5,0,0,0,0,0,6,0,0,0,0,0,0,0,0,0,0,0,0,0,0,0,0,0,0,6,0,0,1,0,0,1,0,24,0,0,0,0,0,1,0,0,0,0,1,0,0,0,0,0,0,0,0,0,0,0,0,0,0,0,0,0,0,0,0,0,0,20,0,0,0,0,3,0,4,0,0,5,2,0,0,0,0,0
"Unlogged_2_20",0,1,0,0,0,0,4,0,0,2,0,0,1,0,0,0,0,0,0,0,0,0,0,15,0,0,2,0,0,0,0,0,0,11,1,1,0,0,2,0,4,0,0,0,1,0,0,1,0,0,0,0,0,0,0,0,0,0,0,2,0,1,0,0,0,3,0,22,0,0,0,0,0,0,0,0,0,0,0,0,0,0,0,0,1,0,0,0,0,0,0,0,0,0,0,0,0,0,0,0,0,21,0,0,0,0,1,0,3,0,0,1,2,0,0,0,0,0
"Unlogged_2_200",0,0,0,0,0,0,0,0,0,6,1,0,0,0,0,0,0,1,0,0,0,0,0,7,0,0,1,0,0,0,0,0,0,11,5,0,0,0,0,0,1,0,1,0,0,0,0,0,0,0,0,0,0,0,0,0,0,0,0,0,0,0,1,1,0,1,0,81,0,0,0,1,0,1,1,0,0,1,0,0,0,0,0,0,0,0,0,0,0,0,0,0,0,0,0,0,0,0,0,0,0,25,0,0,0,0,3,0,2,0,0,4,1,0,0,0,0,0
"Unlogged_2_30",0,1,0,0,0,0,0,0,1,0,0,0,0,0,0,0,0,1,0,0,0,0,3,15,0,0,0,0,0,0,1,2,0,9,2,0,0,0,1,0,0,0,0,0,0,0,0,0,0,0,0,0,0,0,0,0,0,0,0,6,0,0,2,0,0,2,0,25,0,0,0,0,0,0,0,0,0,0,2,0,0,0,0,0,0,0,0,0,0,0,0,0,0,0,0,0,0,0,0,0,0,50,1,0,0,0,1,0,3,0,0,0,5,0,0,0,0,0
"Unlogged_2_40",0,3,0,0,0,2,0,0,0,3,1,0,1,0,0,0,0,1,0,0,0,0,0,9,0,0,3,0,1,0,1,0,0,18,1,0,0,0,0,0,1,0,0,0,0,2,0,1,0,0,0,0,0,0,0,0,0,0,0,2,0,0,2,0,0,0,0,61,0,0,0,0,0,0,2,0,0,0,0,0,0,0,0,0,0,0,0,0,0,0,0,0,0,0,2,0,0,0,0,0,0,0,0,0,0,0,1,0,1,0,0,1,0,0,0,0,0,0
"Unlogged_2_50",0,2,0,0,0,2,1,0,0,1,1,0,1,0,0,0,0,0,0,0,0,0,0,17,0,0,0,0,1,0,2,0,0,9,0,0,0,0,0,0,3,0,0,0,0,0,0,1,0,0,0,0,0,0,0,0,0,0,0,3,0,0,1,0,0,0,0,36,0,0,0,3,0,1,4,0,0,0,0,0,0,0,0,0,0,1,0,0,0,0,0,0,0,0,2,0,0,0,0,1,0,6,0,0,0,0,5,0,5,0,0,0,2,0,0,0,0,0
"Unlogged_2_60",0,1,0,0,0,1,2,0,0,5,2,0,0,0,0,0,0,3,0,0,0,0,0,13,0,0,0,0,0,0,0,0,0,10,3,0,0,0,1,0,5,0,0,0,0,0,1,0,0,0,0,0,0,0,0,0,0,0,0,0,0,1,3,0,0,0,0,44,0,0,0,3,0,0,3,0,0,0,0,0,0,0,0,0,0,0,0,0,0,0,0,0,0,0,1,0,0,0,0,0,0,22,0,0,0,0,0,0,3,0,0,0,3,0,0,0,0,0
"Unlogged_2_70",0,1,0,0,0,2,0,0,0,1,0,0,3,0,0,0,0,1,0,0,0,0,1,2,0,0,4,0,0,0,1,0,0,3,1,0,0,0,0,0,23,0,1,0,0,0,0,0,0,0,0,0,0,0,0,0,0,0,0,2,0,1,7,0,0,1,0,17,0,0,0,0,0,0,2,0,0,0,1,0,0,0,0,0,0,0,0,0,0,0,0,0,0,0,2,0,0,0,0,0,0,15,0,0,0,0,8,1,2,0,0,0,0,0,0,0,0,0
"Unlogged_2_80",0,1,0,0,0,1,1,0,0,3,0,0,0,0,0,0,0,2,0,0,0,0,0,23,0,0,1,0,0,0,1,0,1,4,0,0,0,0,0,0,15,0,0,0,0,0,1,1,0,0,0,0,0,0,0,0,0,0,0,1,0,0,3,0,0,1,0,68,0,0,0,0,0,1,0,0,0,0,0,0,0,0,0,0,0,0,0,0,0,0,0,0,0,0,0,0,0,0,0,0,0,2,0,0,0,0,1,0,3,0,0,3,0,0,0,0,0,0
"Unlogged_2_90",0,0,0,0,0,1,0,0,0,0,0,0,0,0,0,0,0,0,0,0,0,0,0,7,0,0,1,0,0,0,2,1,0,6,1,0,0,0,0,0,4,0,0,0,0,0,0,0,0,0,0,0,0,0,0,0,0,0,0,2,0,1,2,0,0,1,0,16,0,0,1,0,0,0,1,0,0,1,0,1,0,0,0,0,2,0,0,0,0,0,0,0,1,0,0,0,0,0,0,6,0,23,0,0,0,0,2,0,2,0,1,1,12,0,0,0,0,0
"Unlogged_3_10",0,0,0,1,0,0,0,0,0,1,0,0,1,0,0,0,0,2,0,0,1,0,0,21,0,0,1,0,0,0,0,0,1,7,2,0,0,0,0,0,0,0,0,0,0,0,0,0,0,0,0,0,0,0,0,0,0,0,0,2,0,1,1,0,0,2,0,49,1,0,0,0,0,2,1,0,0,0,0,0,0,0,0,0,0,0,0,0,0,0,0,0,0,0,0,0,0,0,0,0,0,6,0,0,0,0,11,0,2,0,0,0,4,1,0,0,0,0
"Unlogged_3_100",0,0,0,0,0,1,0,0,0,1,0,0,0,0,0,0,0,0,0,0,1,0,0,15,0,0,0,0,0,0,1,1,0,8,2,0,0,0,0,0,1,0,0,0,0,0,0,0,0,0,0,0,0,0,0,0,0,0,0,1,0,0,1,0,0,2,0,40,0,0,0,0,2,0,1,0,0,0,0,0,0,0,0,0,0,0,0,1,0,0,0,0,0,0,0,0,0,0,0,0,0,176,0,0,0,0,4,0,0,0,0,1,5,0,0,0,0,0
"Unlogged_3_110",0,1,0,0,1,0,2,0,0,2,0,0,1,0,0,0,3,2,0,0,0,0,0,20,0,0,2,0,0,0,0,1,1,3,1,3,0,0,0,0,0,0,0,0,0,0,0,0,0,0,0,0,0,0,0,0,0,1,0,1,0,0,0,0,0,2,0,53,0,0,0,0,0,2,1,0,0,1,1,0,0,0,0,0,0,0,0,0,0,0,0,0,0,0,0,0,0,0,0,0,1,23,0,0,0,0,2,0,1,0,0,0,0,0,0,0,0,0
"Unlogged_3_120",0,1,0,0,0,0,0,0,0,5,1,0,1,0,0,0,0,0,0,0,0,0,0,16,0,0,1,0,0,0,0,0,1,56,3,0,0,0,0,0,9,0,0,0,0,0,0,0,0,0,0,0,0,0,0,0,0,0,0,4,0,0,1,0,0,1,0,41,0,0,1,0,0,0,0,0,0,1,0,0,0,1,0,0,0,0,0,0,0,0,0,0,0,1,0,0,0,0,0,0,0,2,0,0,0,0,1,0,7,0,0,1,5,0,0,0,0,0
"Unlogged_3_130",0,0,0,0,0,2,2,0,1,0,0,0,5,0,0,0,0,2,0,0,0,0,0,15,0,0,0,0,0,0,1,1,0,7,2,1,0,0,1,0,1,0,0,0,0,0,0,0,0,0,0,0,0,0,0,0,0,0,0,4,0,0,2,0,0,1,0,64,0,0,1,0,0,0,0,0,0,0,0,1,0,0,0,0,0,0,0,0,0,0,0,0,0,0,0,0,0,0,0,0,0,21,0,0,0,0,2,0,3,0,0,2,5,0,0,0,0,0
"Unlogged_3_140",0,0,0,0,0,0,1,0,0,0,0,0,1,0,0,0,0,4,0,2,0,0,0,7,1,0,1,0,0,0,2,1,0,8,1,0,0,0,0,0,0,0,0,0,0,0,1,0,0,0,0,0,0,0,0,0,0,0,0,0,0,1,1,2,0,14,0,194,0,0,0,0,0,0,0,0,0,1,0,0,0,0,0,0,0,0,0,0,0,0,0,0,1,0,0,0,0,0,0,3,0,98,0,0,0,0,1,0,0,2,0,2,2,0,0,0,0,0
"Unlogged_3_150",0,1,0,0,0,0,1,0,0,3,1,0,0,1,0,0,0,2,0,0,0,0,0,10,0,0,1,0,0,1,1,3,0,3,0,0,0,0,0,0,1,0,0,0,0,0,0,0,0,0,0,0,0,0,0,0,0,0,0,7,0,0,4,0,0,2,0,52,0,0,0,0,0,0,0,0,0,2,0,0,0,0,0,0,0,0,0,0,0,0,0,0,1,0,0,0,0,0,0,0,0,7,0,0,0,0,4,0,0,0,0,1,4,2,0,0,0,0
"Unlogged_3_160",0,0,0,0,0,0,0,0,0,1,0,0,1,0,0,0,0,1,0,0,0,0,0,14,0,0,0,0,0,0,0,0,0,6,1,0,0,0,0,0,0,0,0,0,0,0,0,0,0,0,1,0,0,0,0,0,0,0,0,0,0,0,0,0,0,4,0,56,0,0,0,0,0,1,0,0,0,0,0,0,0,0,0,0,0,0,0,0,0,0,0,0,1,0,0,0,0,0,0,1,0,17,0,0,0,0,0,0,1,0,0,1,3,0,0,0,0,0
"Unlogged_3_170",0,1,0,0,0,0,0,0,0,0,1,0,0,0,0,0,0,0,0,0,0,0,1,24,0,0,1,0,0,1,1,0,1,4,2,0,0,0,0,0,0,0,0,0,4,0,0,0,0,0,0,0,0,0,0,0,0,0,0,1,0,0,1,0,0,2,0,28,0,0,0,0,0,0,0,0,0,0,1,0,0,1,0,0,0,0,0,1,0,0,0,0,0,0,0,0,0,0,0,0,0,11,0,0,0,0,1,0,1,0,0,1,4,0,0,0,0,0
"Unlogged_3_180",0,0,0,0,0,0,1,0,0,1,2,0,0,0,0,0,0,1,0,0,1,0,0,10,0,0,1,0,1,0,0,0,4,4,3,0,0,0,0,0,0,0,0,0,0,0,0,1,0,0,0,0,0,0,0,0,0,0,0,1,0,0,0,0,0,0,0,5,0,0,0,0,0,1,2,0,1,0,1,0,0,1,0,0,0,0,0,0,0,1,0,0,2,0,0,0,0,0,0,0,0,3,0,0,0,0,2,0,0,0,0,1,9,1,0,0,0,0
"Unlogged_3_190",0,0,1,0,0,2,0,0,0,0,2,0,2,0,1,0,0,1,0,0,0,0,0,1,0,0,4,0,0,0,2,0,3,1,1,0,0,0,0,0,2,0,3,0,2,0,0,0,0,0,0,0,0,0,0,0,0,0,2,6,0,0,0,2,0,0,0,0,0,0,0,2,0,0,0,0,0,0,0,0,0,0,0,0,0,0,0,0,0,0,0,0,2,0,0,0,0,0,0,0,0,0,0,0,0,0,5,0,4,0,0,11,9,0,1,1,0,0
"Unlogged_3_20",0,0,0,0,0,0,1,0,0,1,0,0,0,0,0,0,0,1,0,0,0,0,0,3,0,0,0,0,0,0,0,0,0,29,7,0,0,0,0,0,0,0,0,0,0,0,0,0,0,0,0,0,0,0,0,0,0,0,0,1,0,0,1,0,0,0,0,36,0,0,0,0,0,2,0,0,0,0,0,0,0,1,0,0,0,0,0,0,0,0,0,0,3,0,0,0,0,0,0,1,0,59,0,0,0,0,3,0,0,0,0,2,0,0,0,0,0,0
"Unlogged_3_200",0,0,1,0,0,1,0,0,0,0,1,0,0,0,0,0,0,1,0,0,0,0,0,1,0,0,2,0,0,0,0,1,1,0,2,0,1,0,0,0,0,0,0,0,1,0,0,0,0,0,0,0,4,0,0,0,0,0,0,45,0,0,0,0,0,3,0,0,0,0,0,0,0,2,3,0,0,0,0,0,0,0,0,0,0,0,0,0,0,0,0,0,10,0,0,0,0,0,0,1,0,2,0,0,0,0,4,0,7,13,0,2,13,1,2,1,0,0
"Unlogged_3_30",0,0,0,0,0,0,1,0,0,0,0,0,1,0,0,0,0,2,0,0,0,0,0,21,0,0,3,0,0,0,0,0,0,16,4,0,0,0,0,0,0,0,0,0,0,0,0,0,0,0,0,0,0,0,0,0,0,0,0,0,0,0,0,0,0,0,0,59,0,0,0,0,1,0,1,0,0,0,0,0,0,0,0,0,0,0,0,0,0,0,0,0,0,0,0,0,0,0,0,0,0,37,0,0,0,0,3,0,2,0,0,0,2,0,0,0,0,0
"Unlogged_3_40",0,1,0,0,0,0,0,0,0,2,1,0,1,0,0,0,0,1,0,0,0,0,0,7,0,0,0,0,0,0,0,0,0,21,7,0,0,0,0,0,0,0,1,0,0,0,0,0,0,0,0,0,0,0,0,0,0,0,0,7,1,1,4,0,0,1,0,54,0,0,0,0,0,0,0,0,0,2,1,0,0,0,0,0,0,0,0,0,0,0,0,0,2,0,0,0,0,0,0,0,0,52,0,0,0,0,3,0,0,0,0,0,0,0,0,0,0,0
"Unlogged_3_50",0,1,0,0,0,0,0,0,0,1,0,0,0,0,0,0,0,2,0,0,0,0,0,17,0,0,1,0,0,0,0,0,0,9,2,0,0,0,0,0,0,0,1,0,0,0,0,0,0,0,0,0,0,0,0,0,0,0,0,1,0,1,1,0,0,1,0,12,0,0,0,0,0,0,0,0,0,0,0,0,0,0,0,0,0,0,0,0,0,0,0,0,0,0,0,0,0,0,0,0,0,35,0,0,0,0,0,0,0,0,0,1,4,0,0,0,0,0
"Unlogged_3_60",0,0,0,0,0,0,1,0,0,0,0,0,3,0,0,0,0,10,0,0,0,0,0,12,0,0,1,0,0,1,0,0,0,10,1,0,0,0,0,0,0,0,0,0,0,0,0,0,0,0,0,0,0,1,0,0,0,0,0,4,0,0,0,0,0,1,0,23,0,0,0,1,0,0,1,0,0,0,1,0,0,0,0,0,0,0,0,0,0,0,0,0,1,0,0,0,0,0,0,0,0,8,0,0,0,0,2,0,2,0,0,2,3,0,0,0,0,0
"Unlogged_3_70",0,0,0,0,0,0,2,0,0,7,0,0,3,0,0,0,0,1,0,0,0,0,0,13,0,0,0,0,1,0,0,0,0,8,4,0,0,0,0,0,0,0,0,0,0,0,0,0,0,0,0,0,0,0,0,0,0,0,0,2,0,0,1,1,0,2,0,14,0,0,0,0,0,1,1,0,0,0,1,0,0,0,0,0,0,0,0,0,0,0,0,0,0,0,0,0,0,0,0,1,0,2,0,0,0,0,0,0,0,0,0,3,2,0,0,0,0,0
"Unlogged_3_80",0,1,0,0,0,0,0,0,0,1,0,0,0,0,1,0,0,0,0,1,1,0,1,17,0,0,1,0,0,0,1,0,0,18,2,0,1,0,0,0,0,0,0,0,0,0,0,0,0,0,0,0,0,0,0,0,0,0,0,2,0,0,0,0,0,0,0,29,0,0,0,0,0,0,0,0,0,0,0,1,0,0,0,0,0,0,0,0,0,0,0,0,1,0,0,0,0,0,0,0,0,67,0,0,0,0,2,0,1,0,0,0,2,0,0,0,0,0
"Unlogged_3_90",0,0,0,0,0,0,1,0,0,2,0,0,1,0,0,0,0,1,0,0,0,0,0,5,0,0,0,0,0,0,0,0,0,19,4,0,1,0,0,0,0,0,0,0,0,0,0,0,0,0,0,1,0,0,0,1,0,0,0,0,1,0,2,0,0,0,0,22,0,0,0,0,0,0,0,0,0,0,0,0,0,0,0,0,0,0,0,0,0,0,0,0,0,0,0,0,0,0,0,0,0,52,0,0,0,0,4,0,0,0,0,1,1,0,0,0,0,0
"Unlogged_4_10",0,0,0,0,0,0,0,0,0,0,0,0,0,0,0,0,0,1,0,0,0,0,0,34,0,0,0,0,0,0,0,0,0,1,0,0,0,0,1,0,1,0,0,0,0,0,0,1,0,0,0,0,0,0,0,0,0,0,1,4,0,0,1,0,0,0,1,9,0,0,0,0,0,0,0,0,0,0,1,0,0,0,0,0,0,0,0,0,0,0,0,0,0,0,0,0,0,0,0,0,0,5,0,0,0,0,1,0,0,0,0,1,1,0,0,0,0,0
"Unlogged_4_100",0,1,0,0,0,1,1,0,0,0,0,0,2,0,1,0,0,1,0,0,0,0,0,3,0,0,0,1,0,0,1,1,0,1,1,0,0,0,0,0,0,0,0,0,0,0,0,0,0,0,0,0,0,0,0,0,0,0,0,4,0,0,0,0,0,0,0,10,0,0,0,0,0,0,0,0,0,0,0,0,0,0,0,0,0,0,0,0,0,0,0,0,0,0,0,0,0,0,0,0,0,6,0,0,0,0,1,0,2,1,0,0,1,1,0,0,0,0
"Unlogged_4_110",0,0,0,0,0,1,1,0,0,0,0,0,3,0,0,0,0,0,0,0,1,0,0,6,0,0,0,0,0,0,0,0,1,6,0,0,0,0,0,0,0,0,0,0,0,0,0,0,0,0,0,0,0,0,0,0,0,0,0,3,0,1,1,2,0,2,0,21,0,0,0,0,0,1,0,0,0,1,0,0,0,0,0,0,0,0,0,0,0,0,0,0,1,0,0,0,0,0,0,0,0,4,0,0,0,0,1,0,1,0,0,1,5,0,0,0,0,0
"Unlogged_4_120",0,1,0,0,0,1,0,0,0,3,0,0,1,0,0,0,0,0,0,0,0,0,0,16,0,0,0,0,1,0,0,1,1,5,1,0,0,0,0,0,0,0,0,0,0,0,0,0,0,0,0,0,0,0,0,0,0,0,0,2,0,0,0,0,0,1,0,12,0,0,2,0,0,1,0,0,0,0,0,0,0,0,0,0,0,0,0,0,0,0,0,0,0,0,0,0,0,0,0,0,0,0,0,0,0,0,0,0,3,0,0,0,0,0,0,0,0,0
"Unlogged_4_130",0,0,0,0,0,0,0,0,0,0,0,0,1,0,0,0,0,0,0,0,0,0,0,8,0,0,0,0,1,0,0,0,3,2,1,0,0,0,1,0,0,0,0,0,1,0,0,0,0,0,0,0,0,0,0,0,0,0,0,0,0,0,0,0,0,4,0,27,0,0,0,0,0,0,0,0,0,1,0,0,0,0,0,0,0,0,0,0,0,0,0,0,0,0,0,0,0,0,0,0,0,7,0,0,0,0,0,0,0,0,0,1,0,0,0,0,0,0
"Unlogged_4_140",0,1,1,0,0,0,0,0,0,0,0,0,0,0,0,0,0,0,0,0,0,0,0,3,0,0,0,0,0,2,0,0,0,3,1,0,0,0,0,0,0,0,0,0,0,0,0,0,0,0,0,0,0,0,0,0,0,0,0,0,0,0,0,0,0,2,0,8,0,0,0,0,0,0,1,0,0,0,0,0,0,0,0,0,0,0,0,0,0,0,0,0,0,0,0,0,1,0,0,0,1,0,0,0,0,0,0,0,0,0,0,0,0,0,0,0,0,0
"Unlogged_4_150",0,1,0,4,0,2,0,0,1,0,0,0,0,0,0,0,1,0,0,0,0,0,0,1,0,0,0,0,0,0,0,0,0,4,1,0,0,0,0,0,0,0,0,0,0,0,0,0,0,0,0,0,0,0,0,0,0,0,0,0,0,1,0,0,0,0,0,13,0,0,0,0,0,0,0,0,0,1,0,0,0,0,0,0,0,0,0,0,0,0,0,0,0,0,0,0,2,0,0,0,0,0,0,0,0,0,1,0,0,0,0,0,2,0,0,0,0,0
"Unlogged_4_160",0,2,0,0,0,0,0,0,0,1,2,0,4,0,0,0,0,0,0,0,0,0,0,9,0,0,0,0,0,0,0,0,0,4,3,0,0,0,0,0,0,0,0,0,0,0,0,0,0,0,0,0,0,0,0,0,0,0,0,0,0,0,1,0,0,2,0,4,0,0,0,0,0,1,1,0,0,0,0,0,0,0,0,0,0,0,0,0,0,0,0,0,0,0,0,0,0,0,0,0,0,1,0,0,0,0,1,0,0,0,0,1,6,0,0,0,0,0
"Unlogged_4_170",0,0,0,0,0,0,0,0,0,3,2,0,2,0,0,0,0,0,0,0,0,0,0,34,0,0,0,0,0,0,0,0,2,9,0,0,0,0,0,0,0,0,0,0,0,1,0,0,0,0,0,0,0,0,0,0,0,0,0,2,0,0,0,0,0,1,0,2,0,0,0,0,0,2,0,0,0,0,0,0,0,1,0,0,0,0,0,0,0,0,0,0,0,0,0,0,0,0,0,0,0,1,0,0,0,0,0,0,0,0,0,6,2,1,0,0,0,0
"Unlogged_4_180",0,0,0,0,0,0,0,0,0,0,0,0,1,0,0,0,0,0,0,0,0,0,1,3,0,0,2,4,0,0,0,0,0,0,1,0,0,0,0,0,1,0,0,0,0,0,0,0,0,0,0,0,0,0,0,0,0,0,0,1,0,1,0,0,0,2,0,0,0,0,0,0,0,2,1,0,0,0,0,0,0,0,0,0,0,0,0,0,0,0,0,0,2,0,0,0,0,0,0,0,0,0,0,0,0,0,4,0,0,0,3,1,10,1,0,0,0,0
"Unlogged_4_190",0,0,0,0,0,0,1,0,0,0,2,0,0,0,1,0,1,0,0,0,1,0,0,1,0,0,0,0,2,0,3,0,1,0,4,0,0,0,0,0,0,0,0,0,0,0,0,0,0,1,0,0,0,0,0,0,0,0,0,8,0,0,0,0,0,2,0,0,0,0,0,0,0,1,0,0,0,0,0,0,1,0,0,0,0,0,0,0,0,0,0,0,1,0,0,0,0,0,0,0,0,0,0,0,0,0,3,0,0,0,0,2,15,0,0,1,0,0
"Unlogged_4_30",0,0,0,0,0,1,0,0,1,0,0,0,0,0,0,0,0,0,0,0,0,0,0,19,0,0,0,0,0,0,1,1,0,1,4,0,0,0,0,0,0,0,0,0,0,0,0,0,0,0,0,0,0,0,0,0,0,1,10,2,0,0,0,0,0,0,0,5,0,0,0,1,0,0,0,0,0,1,0,0,0,0,0,0,0,0,0,0,0,0,0,0,0,0,0,0,0,0,0,0,0,5,0,0,0,0,0,0,0,0,0,4,2,0,0,0,0,0
"Unlogged_4_40",0,3,0,0,0,0,0,0,0,0,0,0,0,0,0,0,0,1,0,0,1,0,0,8,0,0,0,0,0,0,1,0,0,4,1,0,0,0,2,0,0,0,0,0,0,0,0,0,0,0,0,0,0,0,0,0,0,0,0,6,0,0,0,0,0,0,0,9,0,0,0,0,0,0,0,0,0,0,0,0,0,0,0,0,0,0,0,0,0,0,0,0,0,0,0,0,0,0,0,0,0,18,0,0,0,0,2,0,0,0,0,1,2,1,0,0,0,0
"Unlogged_4_50",0,1,0,0,0,0,0,0,0,0,0,0,0,0,0,0,0,0,0,0,0,0,0,26,0,0,0,0,0,0,0,1,0,2,6,0,0,0,0,0,0,0,0,0,0,0,0,0,0,0,0,0,0,0,0,0,0,0,0,1,0,0,1,0,0,0,1,22,0,0,0,0,0,0,0,0,0,0,1,0,0,0,0,0,0,0,0,0,0,0,0,0,0,0,0,0,0,0,0,0,0,10,0,0,0,0,1,0,0,0,0,0,3,0,0,0,0,0
"Unlogged_4_60",0,1,0,0,0,0,0,0,0,0,0,0,3,0,0,0,0,1,0,0,0,0,0,11,0,0,0,0,1,0,1,0,1,3,2,0,0,0,0,0,0,0,0,0,0,0,0,0,0,0,0,0,0,0,0,0,0,0,0,4,0,1,0,0,0,1,0,18,0,0,0,0,0,0,1,0,0,0,0,0,0,0,0,0,0,0,0,0,0,0,0,0,0,0,0,0,0,0,0,0,0,11,0,0,0,0,1,0,0,0,0,1,8,0,0,0,0,0
"Unlogged_4_70",0,2,0,0,0,0,0,0,0,0,0,0,2,0,0,0,0,0,0,0,0,0,0,14,0,0,0,0,1,0,0,1,0,2,2,0,0,0,0,0,1,0,0,0,0,0,0,1,0,0,0,0,0,0,0,0,0,0,0,3,0,0,1,0,0,3,0,8,0,0,0,0,0,0,0,0,0,0,0,1,0,0,0,0,0,0,0,1,0,0,0,0,2,0,0,0,0,0,0,0,0,9,0,0,0,0,0,0,1,0,0,1,3,0,0,0,0,0
"Unlogged_4_80",0,0,0,0,0,1,0,0,0,0,0,0,1,0,0,0,0,1,0,0,1,0,0,32,0,0,0,0,0,0,1,0,0,1,1,0,0,0,0,0,0,0,0,0,0,0,0,0,0,0,0,0,0,0,0,0,0,0,0,2,0,1,0,1,0,0,0,11,0,0,0,0,0,0,0,0,0,0,0,0,0,0,0,0,0,0,0,0,0,0,0,0,0,0,0,0,0,0,0,0,0,2,0,0,0,0,0,0,1,0,0,0,0,0,0,1,0,0
"Unlogged_4_90",0,0,0,0,0,0,0,0,0,0,0,0,0,0,1,0,0,0,0,0,0,0,0,13,0,0,0,0,0,0,0,1,0,1,0,0,0,0,0,0,0,0,0,0,0,0,0,0,0,1,0,0,0,0,0,0,0,1,0,3,0,0,0,0,0,1,1,8,0,1,0,0,0,0,0,0,0,0,1,0,0,0,0,0,0,0,0,0,0,0,0,0,0,0,0,0,0,0,0,0,0,4,0,0,0,0,0,0,2,0,0,1,7,0,0,0,0,0
"Unlogged_5_10",0,0,0,0,0,0,0,0,0,0,0,0,0,0,0,0,0,1,0,0,0,0,0,7,3,0,0,0,0,0,0,0,1,6,0,0,0,0,0,0,17,0,0,0,0,0,0,0,0,0,0,0,0,0,0,0,0,0,0,4,0,0,1,0,0,2,0,16,0,0,0,0,0,0,0,0,0,0,1,1,0,0,0,0,0,0,0,0,0,0,0,0,0,0,0,0,0,0,0,0,0,65,0,0,0,0,0,0,0,0,0,1,0,0,0,0,0,0
"Unlogged_5_100",1,1,0,0,0,0,1,0,0,0,1,0,2,0,0,0,0,2,0,0,0,0,0,13,0,0,0,0,2,1,0,0,0,19,0,1,0,0,0,4,3,0,0,0,0,0,0,0,0,1,0,0,0,0,0,0,0,0,2,0,0,0,1,0,0,3,0,27,0,0,0,0,0,1,0,0,0,0,0,0,0,0,0,0,0,0,0,1,0,0,0,0,0,0,0,0,0,0,0,0,0,9,0,0,0,0,1,0,2,1,0,0,6,0,0,0,0,0
"Unlogged_5_110",0,1,0,0,0,0,1,0,0,0,0,0,2,0,0,0,0,2,0,1,0,0,0,8,0,0,1,0,0,0,0,0,0,3,1,0,0,0,5,0,1,0,0,0,0,0,0,0,0,0,0,0,0,0,0,0,0,1,0,5,0,1,2,0,0,3,0,22,0,0,0,1,0,1,0,0,0,1,1,0,0,0,0,0,0,0,0,1,0,0,0,0,0,0,0,0,0,0,0,6,0,14,0,0,0,0,2,0,5,0,0,2,5,0,0,0,0,0
"Unlogged_5_120",0,0,0,0,0,3,0,0,0,0,1,0,0,0,1,0,0,1,0,0,0,1,0,0,0,0,2,0,0,1,1,0,0,9,2,0,0,0,0,0,4,0,0,0,0,0,1,0,0,0,0,1,0,0,0,0,0,0,0,2,1,1,1,2,0,4,0,1,0,0,0,0,0,1,0,0,0,1,0,0,0,0,0,0,0,0,0,0,0,0,1,5,0,0,0,12,0,0,0,0,0,1,0,0,2,0,3,0,3,0,0,2,14,0,0,0,2,0
"Unlogged_5_130",0,3,0,0,0,1,0,0,0,0,1,0,1,0,1,0,0,0,0,0,1,0,0,1,0,1,0,0,0,3,0,0,0,2,0,0,0,0,1,0,0,0,0,0,0,0,0,0,0,0,0,0,0,0,0,0,0,0,1,0,0,3,1,0,0,0,1,0,0,0,0,0,0,2,2,0,0,0,1,0,0,1,0,0,0,0,1,0,0,0,5,0,3,0,0,3,1,0,0,0,0,0,0,0,0,1,3,0,3,0,1,3,22,0,0,0,0,0
"Unlogged_5_140",0,1,0,0,0,0,1,0,0,9,3,0,0,0,0,0,0,2,0,0,1,0,0,18,0,0,1,0,1,0,0,0,0,4,0,0,1,0,1,0,1,0,0,0,0,0,0,1,0,0,0,0,0,0,0,0,0,0,0,3,0,2,5,0,0,0,0,64,0,0,0,0,0,2,2,0,0,0,0,0,0,0,0,0,0,0,0,0,0,0,0,0,1,0,0,1,0,0,0,2,0,6,0,0,0,0,2,0,4,0,0,1,0,1,0,0,0,0
"Unlogged_5_150",0,1,0,1,0,1,1,0,0,1,0,0,2,0,0,0,0,0,0,0,0,1,0,5,0,0,0,0,1,0,1,1,0,8,1,0,0,0,0,0,1,0,0,0,0,0,0,0,0,0,0,0,0,0,0,0,0,0,0,5,0,0,0,0,0,26,0,32,0,0,0,0,0,0,1,0,0,1,0,0,0,0,0,0,0,0,0,0,0,0,0,0,0,0,0,0,0,0,0,0,0,2,0,0,0,0,2,0,1,0,0,0,2,0,0,0,0,0
"Unlogged_5_160",0,0,0,2,0,1,0,0,0,0,1,0,1,0,0,0,0,0,0,0,0,0,0,17,0,0,3,0,0,0,1,0,1,5,2,0,0,0,0,0,0,0,0,0,0,2,0,0,0,0,0,0,0,0,0,0,0,0,0,0,0,0,1,0,0,0,0,74,0,0,0,0,0,1,0,0,0,0,0,1,0,0,0,0,0,0,0,0,0,0,0,0,1,0,0,0,0,0,0,0,0,27,0,0,0,0,0,0,0,0,0,0,3,1,0,0,1,0
"Unlogged_5_170",0,0,0,0,0,0,0,0,0,1,1,0,0,0,0,0,0,0,0,0,0,0,0,16,0,0,0,0,0,0,0,1,0,9,1,0,0,0,0,0,3,0,0,0,0,0,0,0,0,0,0,0,0,0,0,0,0,0,0,4,0,0,0,0,0,1,0,47,0,0,0,0,0,0,0,0,0,0,1,0,0,0,0,0,0,0,0,0,0,0,0,0,1,0,0,0,0,1,0,6,0,170,0,0,0,0,0,0,1,0,0,0,6,0,0,0,0,0
"Unlogged_5_180",0,0,0,1,0,0,2,0,0,0,0,0,0,0,0,0,0,2,1,0,0,0,0,13,0,0,0,0,0,0,3,2,0,18,2,0,0,0,0,0,6,0,0,0,0,0,0,0,0,0,0,0,0,0,0,0,0,0,0,3,0,0,1,0,0,0,0,39,0,0,0,0,0,0,0,0,0,0,0,0,0,0,0,0,0,0,0,0,0,0,0,0,0,0,0,0,0,0,0,0,0,15,0,0,0,0,1,0,1,0,0,1,2,0,0,0,1,0
"Unlogged_5_190",0,1,0,1,0,0,0,0,0,0,0,0,0,0,0,0,0,1,0,0,0,0,0,6,0,0,0,0,0,0,0,0,0,5,1,0,0,0,0,0,20,0,0,0,0,0,0,0,0,0,0,0,0,0,0,0,0,0,0,5,1,2,0,0,0,1,0,25,0,0,0,1,0,0,0,0,0,1,0,0,1,0,1,0,0,0,0,0,0,0,0,0,0,0,0,0,0,0,0,4,0,106,0,0,0,0,1,0,0,0,0,2,0,0,0,0,0,0
"Unlogged_5_20",0,1,0,0,0,1,1,0,0,2,0,0,0,0,0,0,0,6,0,0,0,0,0,15,0,0,0,0,1,0,4,0,1,10,2,0,0,0,1,0,14,0,0,0,0,0,0,0,0,0,0,0,0,0,0,0,0,0,1,0,0,1,1,0,0,10,0,104,0,0,0,0,0,1,0,0,0,0,0,0,0,0,0,0,0,0,0,0,0,0,0,0,0,0,0,0,0,0,0,0,0,15,0,0,0,0,1,0,0,0,0,0,0,0,0,1,0,0
"Unlogged_5_200",0,1,0,0,0,0,0,0,0,0,0,0,1,0,0,0,0,4,0,0,0,1,0,10,0,0,2,0,2,0,0,0,0,8,1,0,0,0,0,0,1,0,0,0,0,0,0,0,0,1,0,0,0,0,0,0,1,0,0,6,0,0,3,0,0,0,0,24,0,0,0,0,0,2,0,0,0,1,1,0,0,0,0,0,0,0,0,0,0,0,0,0,8,0,0,0,0,0,0,1,0,0,0,0,0,0,1,0,0,0,0,4,7,1,0,0,0,0
"Unlogged_5_30",0,0,0,1,0,3,0,0,0,0,0,0,1,0,0,0,0,1,0,0,1,0,0,14,0,0,0,0,0,0,3,3,0,4,0,0,0,0,1,0,3,0,0,0,0,0,0,0,0,0,0,0,0,0,0,0,0,2,3,2,0,0,5,0,0,1,0,21,0,0,0,1,0,0,1,0,0,0,0,0,0,0,0,0,0,0,0,0,0,0,0,0,0,0,0,0,0,0,0,0,0,32,0,0,0,0,1,0,5,0,0,1,4,0,0,1,0,0
"Unlogged_5_40",0,0,0,0,0,0,0,0,0,0,0,0,0,0,0,0,1,1,0,0,0,0,0,5,0,0,0,1,0,0,1,0,0,12,2,0,0,0,2,0,1,0,0,0,0,0,0,0,0,0,0,0,0,0,0,0,0,0,0,2,0,0,0,0,0,1,0,40,0,0,0,1,0,0,2,0,0,0,2,0,0,0,0,0,0,0,0,1,0,0,0,0,0,0,0,0,0,0,0,3,0,55,0,0,0,0,1,0,2,0,0,5,3,0,0,0,0,0
"Unlogged_5_50",1,1,0,0,0,0,0,0,0,0,0,0,1,0,0,0,0,1,0,0,0,0,1,2,0,1,0,0,0,0,0,0,1,17,3,0,0,1,1,1,12,0,0,0,0,1,0,0,0,0,0,0,0,0,0,0,0,0,0,4,0,0,0,0,0,0,1,45,0,0,0,0,0,1,2,2,0,0,0,0,0,0,0,0,0,0,0,0,0,0,0,0,0,0,0,0,0,0,0,3,0,49,0,0,0,0,1,0,0,0,0,1,6,0,0,0,0,0
"Unlogged_5_60",0,0,0,0,0,0,0,0,0,1,0,0,0,0,0,0,0,1,0,0,0,0,0,5,0,0,1,0,0,0,2,1,0,16,1,1,0,0,1,3,15,0,1,0,0,0,0,0,0,0,0,0,0,0,0,0,0,0,0,0,0,0,3,0,0,0,0,53,0,0,0,0,0,0,1,0,0,0,0,0,0,0,0,0,0,0,0,0,0,0,0,0,1,0,0,0,0,0,0,0,0,27,0,0,0,0,3,0,4,0,1,1,1,1,0,0,0,0
"Unlogged_5_70",0,3,0,0,0,1,0,0,0,0,1,0,0,0,1,0,0,0,0,0,0,0,0,9,0,0,0,0,0,0,1,0,1,28,2,0,0,0,0,0,13,0,0,0,0,0,0,0,0,0,0,0,0,0,0,0,0,0,0,0,0,0,1,0,1,0,0,54,0,0,0,0,0,0,2,0,0,0,0,0,0,0,0,0,0,0,0,0,0,0,0,0,0,0,0,0,0,0,0,1,0,119,0,0,0,0,1,0,0,0,0,1,1,0,0,0,0,0
"Unlogged_5_80",0,1,0,0,0,1,0,0,0,1,1,0,0,0,0,0,1,1,0,0,0,1,1,15,0,0,0,0,0,0,0,0,0,5,1,1,0,0,0,0,2,0,0,0,2,0,0,0,0,1,0,0,0,0,0,0,0,0,0,7,0,0,2,0,0,4,0,9,0,0,0,0,0,0,2,0,0,0,0,2,0,0,0,0,0,0,0,0,0,0,0,0,2,0,0,0,0,0,0,0,0,5,0,0,0,0,3,0,7,0,0,1,2,0,0,0,0,1
"Unlogged_5_90",0,0,0,0,0,0,0,0,0,0,0,0,3,0,0,0,0,6,0,0,0,0,0,11,0,0,0,0,0,0,0,0,1,14,2,1,0,0,2,1,0,0,0,0,0,0,3,0,0,0,0,0,0,0,0,0,0,1,0,2,0,1,1,0,0,2,0,30,0,0,0,0,0,1,0,0,0,0,0,0,0,0,0,0,0,0,0,0,0,0,0,0,3,0,0,0,0,0,0,3,0,94,0,0,0,0,4,0,1,0,0,1,3,0,0,0,0,0
